{"cameraMode":{"drawMode":0,"name":"Shaded","section":"Shading Mode"},"sceneLighting":false,"audioPlay":false,"sceneViewState":{"m_AlwaysRefresh":false,"showFog":true,"showSkybox":false,"showFlares":true,"showImageEffects":true,"showParticleSystems":true,"showVisualEffectGraphs":true,"m_FxEnabled":true},"in2DMode":false,"pivot":{"x":974.0360107421875,"y":564.1358032226563,"z":-45.06044006347656},"rotation":{"x":0.006570607423782349,"y":-0.08805733174085617,"z":0.000593440025113523,"w":0.9961338639259338},"size":161.0559844970703,"orthographic":false}