{"cameraMode":{"drawMode":0,"name":"Shaded","section":"Shading Mode"},"sceneLighting":false,"audioPlay":false,"sceneViewState":{"m_AlwaysRefresh":false,"showFog":true,"showSkybox":false,"showFlares":true,"showImageEffects":true,"showParticleSystems":true,"showVisualEffectGraphs":true,"m_FxEnabled":true},"in2DMode":false,"pivot":{"x":612.6838989257813,"y":674.1622314453125,"z":18.177902221679689},"rotation":{"x":0.05305035039782524,"y":0.030284594744443895,"z":-0.0015957178547978402,"w":0.9981709718704224},"size":1090.58154296875,"orthographic":false}