{"cameraMode":{"drawMode":0,"name":"Shaded","section":"Shading Mode"},"sceneLighting":false,"audioPlay":false,"sceneViewState":{"m_AlwaysRefresh":false,"showFog":true,"showSkybox":false,"showFlares":true,"showImageEffects":true,"showParticleSystems":true,"showVisualEffectGraphs":true,"m_FxEnabled":true},"in2DMode":false,"pivot":{"x":4.690000057220459,"y":3.4100003242492677,"z":-20.58981704711914},"rotation":{"x":0.08177892863750458,"y":0.30869555473327639,"z":-0.026594538241624833,"w":0.9472972750663757},"size":9.314388275146485,"orthographic":false}